timestamp,open,high,low,close,volume,ema_9,ema_21,rsi,vwap
2025-11-08 15:04:06.342342,2400.0,2415.38,2335.27,2374.81,36124,2378.48,2361.36,52.09,2374.51
2025-11-08 15:19:06.342342,2374.81,2415.39,2349.92,2396.73,21639,2399.78,2413.44,66.2,2394.02
2025-11-08 15:34:06.342342,2396.73,2345.4,2323.8,2328.47,78082,2334.43,2305.25,31.24,2327.36
2025-11-08 15:49:06.342342,2328.47,2432.98,2372.59,2389.91,38816,2379.26,2366.78,36.38,2387.26
2025-11-08 16:04:06.342342,2389.91,2369.07,2319.41,2336.3,85633,2336.56,2325.58,39.95,2338.65
2025-11-08 16:19:06.342342,2336.3,2441.76,2401.5,2407.96,17477,2400.27,2425.74,33.82,2408.88
2025-11-08 16:34:06.342342,2407.96,2461.43,2399.83,2427.77,47833,2418.8,2431.96,62.4,2425.82
2025-11-08 16:49:06.342342,2427.77,2391.07,2352.45,2377.89,87073,2382.36,2390.86,43.77,2373.7
2025-11-08 17:04:06.342342,2377.89,2337.31,2294.99,2325.21,25487,2332.24,2337.08,53.65,2328.37
2025-11-08 17:19:06.342342,2325.21,2349.58,2326.2,2344.25,38240,2337.53,2361.1,57.1,2342.63
2025-11-08 17:34:06.342342,2344.25,2376.74,2310.44,2334.92,94794,2344.13,2339.3,68.2,2334.63
2025-11-08 17:49:06.342342,2334.92,2305.59,2243.58,2284.35,64702,2294.27,2280.52,46.54,2283.24
2025-11-08 18:04:06.342342,2284.35,2313.2,2257.09,2300.55,63092,2292.07,2321.58,66.33,2305.03
2025-11-08 18:19:06.342342,2300.55,2328.37,2280.62,2312.06,22204,2313.15,2299.83,42.54,2313.43
2025-11-08 18:34:06.342342,2312.06,2317.89,2296.83,2312.88,18216,2308.25,2319.41,34.42,2315.96
2025-11-08 18:49:06.342342,2312.88,2294.88,2276.93,2282.38,56034,2285.48,2299.92,67.4,2281.19
2025-11-08 19:04:06.342342,2282.38,2227.43,2170.68,2187.57,42453,2183.57,2189.52,40.24,2190.22
2025-11-08 19:19:06.342342,2187.57,2194.3,2147.42,2184.06,10870,2181.22,2201.63,50.38,2183.84
2025-11-08 19:34:06.342342,2184.06,2223.64,2177.2,2195.17,58646,2204.98,2208.68,36.39,2199.25
2025-11-08 19:49:06.342342,2195.17,2146.57,2095.51,2117.89,22141,2124.18,2116.62,37.56,2114.84
2025-11-08 20:04:06.342342,2117.89,2221.51,2187.16,2197.36,81958,2189.11,2204.59,62.94,2199.83
2025-11-08 20:19:06.342342,2197.36,2153.01,2095.61,2136.81,74297,2140.88,2155.97,48.92,2136.57
2025-11-08 20:34:06.342342,2136.81,2155.21,2125.84,2152.36,59812,2143.72,2151.88,58.31,2156.05
2025-11-08 20:49:06.342342,2152.36,2223.83,2156.68,2184.18,11691,2181.2,2197.67,33.88,2186.98
2025-11-08 21:04:06.342342,2184.18,2160.94,2117.87,2157.64,39221,2154.86,2156.59,53.7,2159.61
2025-11-08 21:19:06.342342,2157.64,2238.82,2192.34,2206.21,66297,2212.64,2206.94,66.06,2209.6
2025-11-08 21:34:06.342342,2206.21,2269.71,2212.17,2251.7,60250,2241.98,2269.79,41.33,2253.56
2025-11-08 21:49:06.342342,2251.7,2326.0,2266.36,2296.29,18110,2292.12,2273.82,30.61,2295.33
2025-11-08 22:04:06.342342,2296.29,2257.56,2193.21,2214.44,65382,2222.43,2211.86,59.61,2212.27
2025-11-08 22:19:06.342342,2214.44,2219.16,2155.57,2198.05,95013,2189.58,2187.19,46.27,2200.69
2025-11-08 22:34:06.342342,2198.05,2216.76,2143.03,2175.8,95556,2176.76,2186.46,65.49,2173.76
2025-11-08 22:49:06.342342,2175.8,2122.1,2101.49,2113.37,23538,2121.96,2112.46,31.58,2115.59
2025-11-08 23:04:06.342342,2113.37,2070.25,2054.24,2064.4,13482,2059.59,2058.74,51.94,2068.49
2025-11-08 23:19:06.342342,2064.4,2110.28,2054.84,2081.41,85880,2089.87,2062.18,41.3,2083.42
2025-11-08 23:34:06.342342,2081.41,2113.14,2073.91,2085.74,50590,2093.76,2076.79,68.61,2084.36
2025-11-08 23:49:06.342342,2085.74,2165.03,2121.81,2130.11,52469,2125.65,2148.05,67.95,2126.03
2025-11-09 00:04:06.342342,2130.11,2048.43,2009.79,2040.0,18796,2044.61,2026.93,69.98,2037.09
2025-11-09 00:19:06.342342,2040.0,2085.34,2017.81,2054.85,88258,2050.13,2067.99,50.21,2056.11
2025-11-09 00:34:06.342342,2054.85,2107.76,2039.94,2078.97,97699,2086.64,2079.73,68.16,2079.17
2025-11-09 00:49:06.342342,2078.97,2059.84,2037.15,2040.0,36422,2046.32,2057.28,34.3,2043.21
2025-11-09 01:04:06.342342,2040.0,2058.04,2017.66,2040.0,53443,2036.07,2043.7,68.17,2042.43
2025-11-09 01:19:06.342342,2040.0,2058.9,2022.02,2040.0,98230,2040.38,2042.78,60.14,2043.14
2025-11-09 01:34:06.342342,2040.0,2076.84,2027.71,2040.0,56178,2041.69,2027.28,66.51,2039.82
2025-11-09 01:49:06.342342,2040.0,2061.67,2014.99,2042.94,18356,2042.55,2049.63,30.86,2039.39
2025-11-09 02:04:06.342342,2042.94,2068.34,2009.65,2044.99,59652,2054.69,2026.97,61.27,2045.79
2025-11-09 02:19:06.342342,2044.99,2053.46,2007.7,2040.0,42965,2044.17,2055.49,49.78,2037.91
2025-11-09 02:34:06.342342,2040.0,2064.18,2017.03,2040.0,34132,2036.34,2028.38,50.51,2037.82
2025-11-09 02:49:06.342342,2040.0,2052.99,2001.96,2040.0,28800,2035.49,2042.04,65.0,2036.19
2025-11-09 03:04:06.342342,2040.0,2076.0,2033.58,2040.0,96279,2036.89,2033.25,46.17,2041.2
2025-11-09 03:19:06.342342,2040.0,2125.19,2093.92,2106.74,36525,2105.32,2097.54,35.88,2105.88
2025-11-09 03:34:06.342342,2106.74,2108.47,2092.51,2105.11,57025,2103.99,2123.32,43.97,2100.92
2025-11-09 03:49:06.342342,2105.11,2143.97,2072.59,2114.51,18574,2122.74,2099.1,32.63,2111.18
2025-11-09 04:04:06.342342,2114.51,2231.59,2186.33,2195.29,83102,2197.03,2181.72,46.71,2196.36
2025-11-09 04:19:06.342342,2195.29,2268.68,2220.59,2244.36,53526,2240.3,2262.14,35.98,2243.0
2025-11-09 04:34:06.342342,2244.36,2178.24,2148.8,2154.25,75189,2161.13,2174.82,62.63,2154.47
2025-11-09 04:49:06.342342,2154.25,2149.18,2083.93,2122.13,73474,2116.95,2125.13,62.25,2121.51
2025-11-09 05:04:06.342342,2122.13,2139.3,2101.23,2135.56,13133,2145.2,2152.84,30.93,2131.58
2025-11-09 05:19:06.342342,2135.56,2183.73,2122.22,2160.47,11209,2159.07,2140.9,58.98,2159.84
2025-11-09 05:34:06.342342,2160.47,2196.01,2150.02,2169.08,89588,2176.88,2175.76,66.65,2166.0
2025-11-09 05:49:06.342342,2169.08,2206.4,2177.44,2181.66,90603,2177.77,2201.73,42.44,2180.86
2025-11-09 06:04:06.342342,2181.66,2171.74,2140.95,2151.73,77320,2155.54,2142.11,40.35,2153.47
2025-11-09 06:19:06.342342,2151.73,2140.64,2114.34,2127.36,10675,2125.71,2116.15,58.84,2127.59
2025-11-09 06:34:06.342342,2127.36,2185.25,2117.98,2150.26,88692,2157.62,2129.37,64.9,2149.36
2025-11-09 06:49:06.342342,2150.26,2175.46,2124.26,2136.01,75239,2136.65,2152.78,50.25,2131.93
2025-11-09 07:04:06.342342,2136.01,2208.75,2198.33,2205.38,86019,2207.04,2203.5,44.45,2203.55
2025-11-09 07:19:06.342342,2205.38,2214.07,2160.71,2195.8,94858,2185.78,2198.14,44.05,2195.32
2025-11-09 07:34:06.342342,2195.8,2146.61,2111.99,2121.61,87457,2128.95,2131.79,51.47,2120.72
2025-11-09 07:49:06.342342,2121.61,2123.35,2062.46,2081.88,75414,2073.32,2083.81,36.32,2080.02
2025-11-09 08:04:06.342342,2081.88,2133.16,2096.18,2128.11,29851,2118.73,2133.93,60.15,2131.35
2025-11-09 08:19:06.342342,2128.11,2191.26,2136.52,2168.72,18173,2171.86,2183.87,58.19,2165.97
2025-11-09 08:34:06.342342,2168.72,2204.39,2159.06,2167.06,12960,2171.39,2165.64,40.73,2164.86
2025-11-09 08:49:06.342342,2167.06,2227.46,2180.64,2194.47,26564,2204.96,2183.53,56.77,2191.41
2025-11-09 09:04:06.342342,2194.47,2238.14,2170.16,2195.69,64535,2186.19,2177.77,35.91,2191.93
2025-11-09 09:19:06.342342,2195.69,2177.95,2150.24,2169.09,86410,2169.34,2182.88,47.0,2171.97
2025-11-09 09:34:06.342342,2169.09,2149.64,2099.01,2137.31,77589,2139.67,2136.85,57.16,2135.62
2025-11-09 09:49:06.342342,2137.31,2146.2,2091.78,2119.48,74880,2118.14,2125.02,68.3,2118.19
2025-11-09 10:04:06.342342,2119.48,2161.16,2111.42,2120.87,32021,2112.25,2114.29,66.86,2118.39
2025-11-09 10:19:06.342342,2120.87,2173.21,2100.97,2131.21,53797,2134.2,2141.88,60.86,2134.44
2025-11-09 10:34:06.342342,2131.21,2137.01,2056.42,2097.72,60699,2103.67,2110.7,36.04,2101.79
2025-11-09 10:49:06.342342,2097.72,2144.68,2081.82,2116.19,65894,2121.49,2118.72,45.64,2114.68
2025-11-09 11:04:06.342342,2116.19,2100.84,2045.03,2069.82,79059,2068.84,2076.52,36.17,2069.43
2025-11-09 11:19:06.342342,2069.82,2074.99,2008.64,2040.0,59372,2033.13,2045.13,39.02,2039.02
2025-11-09 11:34:06.342342,2040.0,2073.42,2023.76,2040.0,55835,2045.62,2032.62,57.59,2036.27
2025-11-09 11:49:06.342342,2040.0,2112.45,2093.48,2096.77,75397,2105.26,2107.51,58.31,2095.23
2025-11-09 12:04:06.342342,2096.77,2152.48,2125.6,2138.69,27548,2145.32,2153.98,64.26,2139.48
2025-11-09 12:19:06.342342,2138.69,2135.29,2105.22,2132.89,24648,2126.83,2122.46,66.49,2133.9
2025-11-09 12:34:06.342342,2132.89,2162.72,2147.98,2151.14,33461,2155.35,2156.22,53.1,2149.97
2025-11-09 12:49:06.342342,2151.14,2107.09,2081.37,2085.71,12774,2076.29,2071.7,54.29,2085.71
2025-11-09 13:04:06.342342,2085.71,2047.45,2008.23,2040.0,37403,2040.69,2057.92,42.84,2039.55
2025-11-09 13:19:06.342342,2040.0,2068.24,2009.17,2040.0,44140,2039.37,2046.63,45.6,2041.5
2025-11-09 13:34:06.342342,2040.0,2079.93,2030.91,2041.21,42515,2049.04,2051.92,43.01,2037.46
2025-11-09 13:49:06.342342,2041.21,2076.25,2045.05,2069.35,83263,2078.84,2079.77,64.15,2067.92
2025-11-09 14:04:06.342342,2069.35,2174.67,2128.39,2143.92,59623,2147.31,2126.0,53.08,2144.61
2025-11-09 14:19:06.342342,2143.92,2166.36,2105.99,2129.83,78956,2130.67,2124.33,60.21,2133.36
2025-11-09 14:34:06.342342,2129.83,2218.28,2182.35,2205.91,67044,2197.16,2211.92,35.45,2202.25
2025-11-09 14:49:06.342342,2205.91,2221.45,2177.68,2201.03,76191,2206.41,2179.28,59.66,2197.76
2025-11-09 15:04:06.342342,2201.03,2164.11,2093.5,2125.53,52540,2118.64,2140.05,59.94,2124.36
2025-11-09 15:19:06.342342,2125.53,2122.43,2056.4,2093.27,83240,2098.91,2090.4,33.76,2089.17
2025-11-09 15:34:06.342342,2093.27,2094.0,2030.51,2063.28,36633,2061.67,2057.56,60.79,2059.54
2025-11-09 15:49:06.342342,2063.28,2081.24,2054.78,2065.51,86636,2057.82,2077.7,38.7,2063.24
2025-11-09 16:04:06.342342,2065.51,2076.22,2054.34,2066.43,24181,2073.92,2064.29,41.54,2062.36
2025-11-09 16:19:06.342342,2066.43,2082.1,2044.86,2065.19,22297,2069.6,2070.65,53.96,2062.77
2025-11-09 16:34:06.342342,2065.19,2106.14,2068.78,2100.67,50996,2099.62,2114.69,56.65,2100.34
2025-11-09 16:49:06.342342,2100.67,2074.62,2050.49,2069.91,17653,2075.33,2060.37,48.94,2072.06
2025-11-09 17:04:06.342342,2069.91,2056.34,2008.92,2040.0,86268,2045.5,2043.1,33.67,2037.44
2025-11-09 17:19:06.342342,2040.0,2060.12,2009.52,2040.0,97934,2038.48,2040.68,61.57,2043.4
2025-11-09 17:34:06.342342,2040.0,2088.9,2024.04,2053.44,71638,2051.18,2053.75,69.0,2055.93
2025-11-09 17:49:06.342342,2053.44,2071.96,2024.05,2040.0,76522,2043.0,2025.08,43.2,2038.92
2025-11-09 18:04:06.342342,2040.0,2052.35,2032.89,2040.0,52279,2045.07,2058.14,34.54,2040.38
2025-11-09 18:19:06.342342,2040.0,2052.28,2007.35,2040.0,59767,2033.85,2048.77,54.8,2039.68
2025-11-09 18:34:06.342342,2040.0,2078.37,2026.42,2040.0,32435,2041.18,2034.74,40.6,2041.55
2025-11-09 18:49:06.342342,2040.0,2051.88,2032.09,2040.0,96299,2032.52,2041.5,63.12,2036.44
2025-11-09 19:04:06.342342,2040.0,2045.03,2027.23,2040.0,72352,2041.26,2049.24,59.86,2042.21
2025-11-09 19:19:06.342342,2040.0,2137.31,2071.92,2103.34,59431,2093.04,2088.03,45.63,2101.54
2025-11-09 19:34:06.342342,2103.34,2156.27,2086.19,2120.28,68809,2123.89,2101.64,60.69,2120.78
2025-11-09 19:49:06.342342,2120.28,2064.55,2027.49,2061.75,58701,2053.59,2052.41,38.53,2059.01
2025-11-09 20:04:06.342342,2061.75,2052.34,2018.77,2040.0,14620,2032.26,2042.07,50.55,2043.8
2025-11-09 20:19:06.342342,2040.0,2072.64,2065.17,2070.54,95947,2066.63,2054.38,39.27,2069.55
2025-11-09 20:34:06.342342,2070.54,2049.74,2012.95,2040.0,49929,2043.76,2022.43,34.3,2037.38
2025-11-09 20:49:06.342342,2040.0,2065.32,2032.34,2040.0,59756,2033.94,2033.91,69.57,2036.84
2025-11-09 21:04:06.342342,2040.0,2105.92,2055.56,2080.26,48480,2072.2,2090.23,43.24,2076.52
2025-11-09 21:19:06.342342,2080.26,2093.43,2061.91,2089.17,47629,2098.66,2073.33,35.43,2089.36
2025-11-09 21:34:06.342342,2089.17,2097.84,2039.14,2068.93,90264,2067.69,2049.28,40.36,2065.51
2025-11-09 21:49:06.342342,2068.93,2091.9,2036.38,2053.39,47011,2054.63,2062.81,54.01,2053.95
2025-11-09 22:04:06.342342,2053.39,2067.73,2017.3,2051.51,82591,2043.5,2063.9,57.4,2051.6
2025-11-09 22:19:06.342342,2051.51,2107.7,2036.2,2074.52,10532,2073.19,2057.23,39.4,2073.1
2025-11-09 22:34:06.342342,2074.52,2077.05,2044.44,2050.8,91033,2058.56,2033.35,43.05,2047.38
2025-11-09 22:49:06.342342,2050.8,2068.51,2027.56,2065.21,97133,2064.26,2045.13,41.73,2066.64
2025-11-09 23:04:06.342342,2065.21,2083.83,2016.5,2048.75,81585,2044.06,2032.21,69.72,2045.68
2025-11-09 23:19:06.342342,2048.75,2048.38,2008.05,2042.64,30414,2034.15,2038.95,69.14,2043.72
2025-11-09 23:34:06.342342,2042.64,2050.4,2035.62,2040.0,98613,2047.32,2056.99,64.01,2040.81
2025-11-09 23:49:06.342342,2040.0,2048.12,2010.89,2040.0,59908,2045.74,2053.19,32.98,2042.48
2025-11-10 00:04:06.342342,2040.0,2077.13,2024.07,2040.0,11960,2049.99,2054.91,36.28,2037.71
2025-11-10 00:19:06.342342,2040.0,2051.32,2001.18,2040.0,39787,2046.5,2056.91,63.55,2039.61
2025-11-10 00:34:06.342342,2040.0,2048.04,2018.05,2040.0,95448,2043.31,2036.77,42.99,2036.62
2025-11-10 00:49:06.342342,2040.0,2075.85,2027.83,2055.0,45830,2053.48,2047.0,37.57,2058.74
2025-11-10 01:04:06.342342,2055.0,2111.2,2091.56,2108.44,59663,2111.36,2110.71,33.48,2105.79
2025-11-10 01:19:06.342342,2108.44,2128.57,2072.66,2110.75,28199,2104.99,2091.98,58.82,2106.6
2025-11-10 01:34:06.342342,2110.75,2202.31,2141.81,2182.98,11124,2190.95,2176.47,31.45,2180.69
2025-11-10 01:49:06.342342,2182.98,2162.11,2122.69,2133.13,49907,2140.3,2154.35,50.91,2133.14
2025-11-10 02:04:06.342342,2133.13,2145.62,2139.08,2142.76,89885,2132.06,2161.52,48.63,2141.39
2025-11-10 02:19:06.342342,2142.76,2189.5,2158.11,2170.71,26867,2160.52,2178.42,42.91,2172.4
2025-11-10 02:34:06.342342,2170.71,2156.88,2120.26,2153.53,96003,2145.04,2143.37,59.4,2149.78
2025-11-10 02:49:06.342342,2153.53,2146.15,2099.29,2105.8,82939,2109.27,2093.35,32.87,2106.14
2025-11-10 03:04:06.342342,2105.8,2135.12,2084.03,2105.22,80909,2113.11,2123.74,39.55,2109.11
2025-11-10 03:19:06.342342,2105.22,2152.91,2102.88,2138.93,42524,2148.55,2125.14,41.73,2136.47
2025-11-10 03:34:06.342342,2138.93,2164.74,2091.77,2122.77,72469,2133.14,2115.06,66.66,2118.99
2025-11-10 03:49:06.342342,2122.77,2241.1,2183.53,2216.18,59870,2220.83,2225.49,43.09,2218.2
2025-11-10 04:04:06.342342,2216.18,2277.61,2228.09,2235.98,68328,2227.15,2221.74,50.5,2240.11
2025-11-10 04:19:06.342342,2235.98,2265.53,2230.95,2257.44,35557,2261.17,2239.11,35.02,2255.17
2025-11-10 04:34:06.342342,2257.44,2236.71,2175.22,2201.73,12501,2202.34,2210.98,32.26,2200.05
2025-11-10 04:49:06.342342,2201.73,2165.17,2117.79,2146.67,41509,2157.16,2159.35,58.95,2149.63
2025-11-10 05:04:06.342342,2146.67,2154.54,2096.16,2127.86,71031,2136.72,2112.13,33.3,2126.67
2025-11-10 05:19:06.342342,2127.86,2215.32,2173.93,2181.7,88672,2172.77,2168.56,45.13,2182.68
2025-11-10 05:34:06.342342,2181.7,2170.2,2096.99,2138.71,38635,2147.43,2133.56,51.95,2141.8
2025-11-10 05:49:06.342342,2138.71,2112.17,2098.22,2109.08,43399,2112.38,2106.99,42.16,2104.86
2025-11-10 06:04:06.342342,2109.08,2051.86,2028.59,2045.23,87296,2046.36,2056.08,51.76,2041.95
2025-11-10 06:19:06.342342,2045.23,2050.32,2027.52,2040.0,76935,2039.21,2032.63,30.38,2039.91
2025-11-10 06:34:06.342342,2040.0,2079.63,2036.5,2056.8,99816,2066.81,2055.13,46.4,2059.29
2025-11-10 06:49:06.342342,2056.8,2204.71,2150.21,2174.73,51332,2168.15,2162.82,35.84,2172.48
2025-11-10 07:04:06.342342,2174.73,2212.96,2188.72,2208.9,24557,2208.68,2202.74,37.76,2206.25
2025-11-10 07:19:06.342342,2208.9,2181.48,2167.07,2175.31,28830,2178.29,2180.89,63.34,2179.36
2025-11-10 07:34:06.342342,2175.31,2224.28,2154.03,2191.4,70666,2198.47,2181.35,33.98,2194.33
2025-11-10 07:49:06.342342,2191.4,2151.89,2130.77,2144.5,46590,2153.87,2129.97,60.93,2145.35
2025-11-10 08:04:06.342342,2144.5,2209.63,2157.51,2188.89,90873,2181.0,2191.74,40.26,2187.1
2025-11-10 08:19:06.342342,2188.89,2226.4,2157.9,2191.45,10947,2199.12,2192.52,45.86,2188.88
2025-11-10 08:34:06.342342,2191.45,2165.39,2129.0,2135.64,88436,2132.9,2123.92,62.66,2134.31
2025-11-10 08:49:06.342342,2135.64,2141.72,2099.41,2110.02,37477,2109.55,2121.02,51.33,2111.14
2025-11-10 09:04:06.342342,2110.02,2136.62,2117.66,2130.52,98762,2128.66,2113.37,49.98,2134.67
2025-11-10 09:19:06.342342,2130.52,2122.07,2047.46,2087.08,42507,2085.6,2075.76,58.39,2084.39
2025-11-10 09:34:06.342342,2087.08,2054.21,2033.01,2041.34,60996,2048.64,2024.58,60.37,2044.33
2025-11-10 09:49:06.342342,2041.34,2126.24,2055.94,2086.48,60197,2083.12,2085.74,63.24,2088.74
2025-11-10 10:04:06.342342,2086.48,2074.42,2048.96,2054.24,85629,2060.23,2036.66,34.2,2052.32
2025-11-10 10:19:06.342342,2054.24,2057.77,2000.04,2040.0,35399,2035.6,2057.55,49.55,2040.18
2025-11-10 10:34:06.342342,2040.0,2048.55,2014.58,2040.0,65312,2034.13,2030.73,69.18,2043.76
2025-11-10 10:49:06.342342,2040.0,2093.58,2080.84,2083.39,30972,2092.3,2077.39,47.64,2080.16
2025-11-10 11:04:06.342342,2083.39,2127.57,2085.06,2114.66,54904,2106.8,2134.31,39.06,2112.84
2025-11-10 11:19:06.342342,2114.66,2067.72,2006.58,2040.0,14314,2039.01,2051.0,32.47,2041.34
2025-11-10 11:34:06.342342,2040.0,2059.37,2021.93,2054.08,36874,2058.21,2048.11,69.7,2050.85
2025-11-10 11:49:06.342342,2054.08,2080.59,2045.96,2062.67,38497,2059.92,2069.09,61.58,2063.08
2025-11-10 12:04:06.342342,2062.67,2043.81,2002.01,2040.0,49298,2033.8,2043.38,64.8,2036.92
2025-11-10 12:19:06.342342,2040.0,2099.64,2093.91,2097.42,19226,2104.04,2098.46,40.16,2098.99
2025-11-10 12:34:06.342342,2097.42,2164.33,2137.15,2140.58,42275,2133.56,2120.74,61.66,2138.53
2025-11-10 12:49:06.342342,2140.58,2212.68,2142.12,2173.63,14714,2163.64,2185.13,36.23,2170.99
2025-11-10 13:04:06.342342,2173.63,2222.24,2186.47,2199.88,65466,2203.82,2195.43,46.18,2202.38
2025-11-10 13:19:06.342342,2199.88,2195.93,2159.53,2176.67,19000,2183.74,2189.76,32.04,2178.99
2025-11-10 13:34:06.342342,2176.67,2174.44,2107.56,2149.35,72924,2148.44,2160.18,37.57,2150.18
2025-11-10 13:49:06.342342,2149.35,2209.32,2161.4,2182.9,41734,2187.86,2198.61,60.8,2179.64
2025-11-10 14:04:06.342342,2182.9,2230.18,2169.95,2197.31,22851,2202.73,2197.04,52.73,2194.52
2025-11-10 14:19:06.342342,2197.31,2104.74,2085.38,2094.54,91938,2088.87,2111.1,48.63,2096.61
2025-11-10 14:34:06.342342,2094.54,2122.28,2094.95,2108.99,87065,2117.24,2125.76,61.52,2109.59
2025-11-10 14:49:06.342342,2108.99,2154.86,2086.06,2117.56,79702,2117.68,2137.3,57.32,2119.85
2025-11-10 15:04:06.342342,2117.56,2103.57,2088.77,2100.66,41138,2108.67,2097.51,40.57,2101.9
2025-11-10 15:19:06.342342,2100.66,2114.62,2044.16,2079.15,48066,2073.83,2083.94,62.38,2079.15
2025-11-10 15:34:06.342342,2079.15,2125.11,2071.3,2097.11,39392,2093.03,2098.44,68.98,2097.4
2025-11-10 15:49:06.342342,2097.11,2114.65,2071.11,2074.89,25071,2072.66,2086.75,35.62,2075.68
2025-11-10 16:04:06.342342,2074.89,2074.82,2033.84,2040.0,68435,2046.33,2030.2,34.35,2038.82
2025-11-10 16:19:06.342342,2040.0,2104.23,2049.99,2068.05,12614,2068.01,2060.63,67.73,2068.67
2025-11-10 16:34:06.342342,2068.05,2054.84,2017.96,2040.0,65759,2034.57,2021.73,66.58,2037.6
2025-11-10 16:49:06.342342,2040.0,2059.33,2029.56,2040.0,14655,2048.54,2050.66,67.23,2037.91
2025-11-10 17:04:06.342342,2040.0,2076.72,2032.25,2040.0,79061,2030.68,2031.22,59.19,2037.77
2025-11-10 17:19:06.342342,2040.0,2086.63,2040.66,2082.13,38399,2083.98,2081.57,69.36,2084.9
2025-11-10 17:34:06.342342,2082.13,2071.1,2029.99,2060.38,67312,2053.66,2049.09,66.76,2056.65
2025-11-10 17:49:06.342342,2060.38,2062.31,2043.29,2055.14,66133,2046.99,2052.29,33.14,2054.56
2025-11-10 18:04:06.342342,2055.14,2073.99,2033.52,2065.33,73068,2072.66,2052.23,69.84,2063.44
2025-11-10 18:19:06.342342,2065.33,2130.78,2094.39,2106.92,59008,2109.8,2087.86,35.04,2108.46
2025-11-10 18:34:06.342342,2106.92,2225.96,2163.01,2194.08,53539,2195.94,2202.42,66.0,2198.27
2025-11-10 18:49:06.342342,2194.08,2222.9,2162.07,2186.84,25568,2181.03,2200.08,50.07,2189.11
2025-11-10 19:04:06.342342,2186.84,2187.91,2146.26,2182.27,12349,2173.32,2180.65,41.43,2183.83
2025-11-10 19:19:06.342342,2182.27,2167.36,2127.52,2153.6,85515,2144.06,2160.36,38.14,2154.79
2025-11-10 19:34:06.342342,2153.6,2204.05,2169.41,2175.25,98717,2170.55,2186.06,40.39,2174.45
2025-11-10 19:49:06.342342,2175.25,2188.25,2164.06,2167.13,84183,2176.32,2155.71,38.88,2168.75
2025-11-10 20:04:06.342342,2167.13,2259.01,2215.14,2245.07,41549,2240.94,2230.99,50.55,2247.27
2025-11-10 20:19:06.342342,2245.07,2262.14,2239.28,2250.17,86856,2246.56,2258.32,40.35,2253.17
2025-11-10 20:34:06.342342,2250.17,2256.56,2180.5,2219.09,61497,2220.97,2216.13,37.34,2219.71
2025-11-10 20:49:06.342342,2219.09,2159.86,2096.93,2124.66,17573,2118.84,2130.84,53.4,2125.36
2025-11-10 21:04:06.342342,2124.66,2118.74,2080.68,2087.02,14573,2094.07,2100.11,47.89,2088.2
2025-11-10 21:19:06.342342,2087.02,2145.1,2092.73,2108.83,10684,2114.76,2125.06,33.77,2112.73
2025-11-10 21:34:06.342342,2108.83,2128.86,2068.79,2098.96,27377,2105.49,2095.21,46.08,2101.24
2025-11-10 21:49:06.342342,2098.96,2087.16,2035.76,2068.27,67094,2074.85,2063.1,49.62,2064.97
2025-11-10 22:04:06.342342,2068.27,2100.63,2042.97,2082.59,89313,2077.27,2093.94,57.15,2085.65
2025-11-10 22:19:06.342342,2082.59,2088.14,2043.0,2068.79,31856,2073.37,2083.13,44.27,2066.4
2025-11-10 22:34:06.342342,2068.79,2060.12,2024.48,2040.0,71225,2047.81,2027.35,60.44,2039.49
2025-11-10 22:49:06.342342,2040.0,2067.21,2021.6,2040.0,75874,2030.1,2025.12,31.72,2041.73
2025-11-10 23:04:06.342342,2040.0,2069.65,2020.41,2040.0,61881,2032.16,2051.58,39.31,2038.2
2025-11-10 23:19:06.342342,2040.0,2095.07,2019.61,2058.76,48810,2055.25,2041.38,41.93,2060.69
2025-11-10 23:34:06.342342,2058.76,2043.17,2002.79,2040.0,35764,2042.03,2031.24,46.89,2039.83
2025-11-10 23:49:06.342342,2040.0,2044.53,2037.48,2040.0,65261,2049.52,2025.75,52.18,2039.19
2025-11-11 00:04:06.342342,2040.0,2105.37,2073.96,2094.2,91449,2101.44,2073.35,32.59,2094.97
2025-11-11 00:19:06.342342,2094.2,2072.88,2022.88,2040.0,47172,2042.12,2042.78,69.21,2040.14
2025-11-11 00:34:06.342342,2040.0,2048.41,2008.02,2040.0,10829,2044.19,2032.7,38.94,2040.9
2025-11-11 00:49:06.342342,2040.0,2077.51,2037.47,2052.45,39408,2057.72,2068.23,65.38,2054.37
2025-11-11 01:04:06.342342,2052.45,2087.18,2049.71,2078.1,49719,2074.32,2065.79,65.54,2079.01
2025-11-11 01:19:06.342342,2078.1,2124.42,2114.66,2117.13,38618,2115.72,2101.02,45.01,2119.63
2025-11-11 01:34:06.342342,2117.13,2122.16,2081.57,2091.41,86960,2087.4,2079.55,48.87,2090.94
2025-11-11 01:49:06.342342,2091.41,2095.3,2038.57,2068.34,12840,2062.61,2053.91,37.46,2067.37
2025-11-11 02:04:06.342342,2068.34,2112.49,2091.99,2099.06,30164,2091.2,2118.0,45.61,2101.54
2025-11-11 02:19:06.342342,2099.06,2227.15,2194.31,2203.23,33104,2209.24,2183.75,59.01,2200.96
2025-11-11 02:34:06.342342,2203.23,2216.15,2207.46,2210.52,61190,2220.59,2226.7,43.42,2208.68
2025-11-11 02:49:06.342342,2210.52,2198.08,2164.99,2178.97,98458,2188.68,2165.55,43.69,2174.72
2025-11-11 03:04:06.342342,2178.97,2215.78,2172.84,2204.1,82492,2212.78,2212.12,42.0,2206.76
2025-11-11 03:19:06.342342,2204.1,2177.91,2123.05,2150.92,29211,2147.21,2161.95,67.72,2152.47
2025-11-11 03:34:06.342342,2150.92,2131.7,2105.26,2112.78,68801,2114.64,2100.34,30.25,2111.34
2025-11-11 03:49:06.342342,2112.78,2162.96,2128.9,2134.38,80393,2124.97,2145.58,65.1,2137.01
2025-11-11 04:04:06.342342,2134.38,2155.39,2113.73,2145.25,13976,2144.17,2146.57,34.62,2143.08
2025-11-11 04:19:06.342342,2145.25,2191.54,2136.93,2177.76,28856,2178.36,2172.84,47.11,2175.7
2025-11-11 04:34:06.342342,2177.76,2220.21,2180.87,2188.81,56856,2184.54,2205.97,62.85,2191.94
2025-11-11 04:49:06.342342,2188.81,2254.05,2198.8,2223.63,20382,2225.84,2244.33,41.64,2223.59
2025-11-11 05:04:06.342342,2223.63,2318.56,2259.88,2286.56,16721,2279.45,2294.0,40.11,2290.2
2025-11-11 05:19:06.342342,2286.56,2278.44,2230.58,2273.51,73581,2265.61,2263.01,48.86,2276.23
2025-11-11 05:34:06.342342,2273.51,2353.72,2285.75,2314.8,86206,2309.38,2313.51,52.28,2312.41
2025-11-11 05:49:06.342342,2314.8,2350.35,2296.39,2341.13,13364,2341.85,2355.15,56.95,2343.58
2025-11-11 06:04:06.342342,2341.13,2375.47,2351.43,2359.49,88474,2355.06,2336.47,61.33,2357.4
2025-11-11 06:19:06.342342,2359.49,2294.07,2253.19,2290.76,83961,2291.45,2300.59,61.92,2292.05
2025-11-11 06:34:06.342342,2290.76,2305.89,2259.25,2280.03,76622,2284.49,2278.35,32.36,2280.62
2025-11-11 06:49:06.342342,2280.03,2351.17,2314.99,2330.51,18015,2341.17,2326.01,55.45,2326.95
2025-11-11 07:04:06.342342,2330.51,2391.74,2324.8,2370.07,38844,2374.65,2375.81,49.83,2372.29
2025-11-11 07:19:06.342342,2370.07,2387.66,2313.77,2341.51,12399,2337.44,2342.66,48.5,2343.57
2025-11-11 07:34:06.342342,2341.51,2392.57,2353.79,2357.41,96863,2349.36,2348.87,57.87,2355.66
2025-11-11 07:49:06.342342,2357.41,2408.89,2339.96,2380.02,78127,2375.45,2357.72,66.87,2382.64
2025-11-11 08:04:06.342342,2380.02,2442.65,2396.52,2424.49,66647,2426.49,2406.4,38.72,2423.4
2025-11-11 08:19:06.342342,2424.49,2381.72,2302.3,2336.15,14283,2340.72,2320.33,32.84,2332.41
2025-11-11 08:34:06.342342,2336.15,2328.02,2270.67,2297.71,11032,2304.1,2311.0,63.15,2299.39
2025-11-11 08:49:06.342342,2297.71,2292.55,2234.17,2271.89,59535,2282.73,2293.2,38.16,2274.9
2025-11-11 09:04:06.342342,2271.89,2322.9,2265.42,2299.2,30221,2302.68,2295.24,48.94,2298.65
2025-11-11 09:19:06.342342,2299.2,2359.2,2289.6,2321.09,77598,2314.98,2334.99,67.54,2322.02
2025-11-11 09:34:06.342342,2321.09,2297.51,2243.01,2278.12,72385,2270.88,2292.3,31.94,2277.02
2025-11-11 09:49:06.342342,2278.12,2204.25,2175.42,2193.06,38098,2194.14,2185.47,56.25,2193.92
2025-11-11 10:04:06.342342,2193.06,2259.97,2221.98,2250.32,49970,2249.42,2229.1,69.45,2254.16
2025-11-11 10:19:06.342342,2250.32,2276.76,2223.04,2247.18,36249,2237.45,2252.29,55.9,2247.34
2025-11-11 10:34:06.342342,2247.18,2255.09,2209.06,2246.47,17027,2252.06,2226.07,68.97,2248.15
2025-11-11 10:49:06.342342,2246.47,2228.82,2165.66,2194.96,97812,2195.53,2187.17,61.99,2198.43
2025-11-11 11:04:06.342342,2194.96,2269.79,2230.92,2238.7,92927,2239.53,2246.06,39.87,2242.25
2025-11-11 11:19:06.342342,2238.7,2264.44,2198.88,2220.07,39834,2220.03,2218.39,69.05,2217.68
2025-11-11 11:34:06.342342,2220.07,2264.42,2208.83,2229.02,15859,2222.58,2207.98,44.96,2229.56
2025-11-11 11:49:06.342342,2229.02,2279.01,2247.65,2260.77,75056,2266.68,2265.17,46.69,2260.05
2025-11-11 12:04:06.342342,2260.77,2324.57,2249.61,2284.33,35294,2281.75,2289.68,58.49,2288.46
2025-11-11 12:19:06.342342,2284.33,2289.94,2270.84,2279.61,26576,2286.09,2281.16,32.28,2276.36
2025-11-11 12:34:06.342342,2279.61,2336.78,2260.58,2302.88,69560,2311.52,2314.31,65.83,2299.72
2025-11-11 12:49:06.342342,2302.88,2269.33,2220.12,2240.98,30797,2247.5,2245.97,34.04,2237.56
2025-11-11 13:04:06.342342,2240.98,2277.7,2247.94,2273.29,37365,2271.92,2275.85,41.8,2272.95
2025-11-11 13:19:06.342342,2273.29,2270.6,2218.32,2247.02,92613,2247.42,2267.34,65.13,2248.1
2025-11-11 13:34:06.342342,2247.02,2379.87,2337.24,2349.01,93594,2343.95,2368.86,64.14,2353.45
2025-11-11 13:49:06.342342,2349.01,2329.17,2304.08,2307.43,27340,2309.51,2295.13,58.15,2306.53
2025-11-11 14:04:06.342342,2307.43,2363.02,2315.86,2321.81,94362,2314.2,2343.51,34.16,2323.07
2025-11-11 14:19:06.342342,2321.81,2466.22,2387.76,2425.27,40801,2429.16,2425.72,64.33,2423.17
2025-11-11 14:34:06.342342,2425.27,2495.58,2442.58,2456.17,87904,2446.32,2436.37,41.46,2456.78
2025-11-11 14:49:06.342342,2456.17,2424.17,2374.17,2396.9,74859,2391.67,2376.76,56.29,2399.51
2025-11-11 15:04:06.342342,2396.9,2442.86,2410.53,2414.72,69878,2423.71,2434.95,66.19,2416.48
2025-11-11 15:19:06.342342,2414.72,2425.19,2398.65,2401.67,72342,2399.5,2392.45,50.43,2402.41
2025-11-11 15:34:06.342342,2401.67,2440.65,2389.2,2430.28,63626,2434.21,2408.65,50.3,2433.41
2025-11-11 15:49:06.342342,2430.28,2444.63,2396.56,2413.84,33674,2419.32,2417.51,48.29,2410.72
2025-11-11 16:04:06.342342,2413.84,2422.05,2345.41,2379.44,70630,2368.95,2369.92,53.64,2377.67
2025-11-11 16:19:06.342342,2379.44,2439.87,2406.66,2427.28,24626,2421.69,2416.93,39.54,2430.27
2025-11-11 16:34:06.342342,2427.28,2489.15,2410.32,2452.29,21403,2446.85,2448.6,66.76,2455.86
2025-11-11 16:49:06.342342,2452.29,2575.61,2537.22,2548.28,70469,2553.43,2573.59,57.8,2551.5
2025-11-11 17:04:06.342342,2548.28,2544.17,2478.9,2527.18,90159,2518.29,2541.45,69.35,2529.73
2025-11-11 17:19:06.342342,2527.18,2573.55,2534.49,2561.63,90233,2570.07,2579.49,36.64,2559.17
2025-11-11 17:34:06.342342,2561.63,2629.89,2598.47,2625.22,47206,2633.19,2613.97,62.81,2625.14
2025-11-11 17:49:06.342342,2625.22,2615.06,2593.06,2604.4,39846,2611.48,2583.89,47.73,2603.27
2025-11-11 18:04:06.342342,2604.4,2579.82,2523.64,2543.55,16365,2532.17,2542.15,60.53,2548.17
2025-11-11 18:19:06.342342,2543.55,2545.46,2497.24,2502.09,63324,2503.57,2524.51,32.94,2497.46
2025-11-11 18:34:06.342342,2502.09,2493.57,2420.16,2462.59,32776,2462.82,2441.99,44.73,2464.48
2025-11-11 18:49:06.342342,2462.59,2535.02,2447.98,2488.99,51267,2492.49,2487.44,43.48,2488.04
2025-11-11 19:04:06.342342,2488.99,2469.01,2441.11,2461.95,29905,2468.01,2472.34,55.49,2460.47
2025-11-11 19:19:06.342342,2461.95,2540.69,2495.31,2498.11,35247,2499.84,2515.07,39.66,2499.13
2025-11-11 19:34:06.342342,2498.11,2441.42,2387.99,2432.48,49925,2421.7,2453.74,53.88,2436.21
2025-11-11 19:49:06.342342,2432.48,2455.55,2413.81,2445.6,59182,2438.8,2436.21,64.15,2448.76
2025-11-11 20:04:06.342342,2445.6,2477.06,2402.69,2445.3,29929,2456.6,2428.01,66.6,2449.76
2025-11-11 20:19:06.342342,2445.3,2443.7,2378.45,2407.16,82164,2411.63,2392.3,59.37,2404.7
2025-11-11 20:34:06.342342,2407.16,2372.12,2296.98,2328.61,96182,2329.98,2329.57,42.07,2329.22
2025-11-11 20:49:06.342342,2328.61,2330.25,2267.87,2303.09,87222,2309.09,2304.08,68.16,2300.25
2025-11-11 21:04:06.342342,2303.09,2331.46,2259.51,2296.72,12913,2285.42,2301.22,62.98,2296.98
2025-11-11 21:19:06.342342,2296.72,2364.89,2342.63,2356.37,27324,2367.35,2371.56,69.38,2359.62
2025-11-11 21:34:06.342342,2356.37,2341.15,2286.74,2327.1,58689,2337.13,2349.38,35.95,2322.49
2025-11-11 21:49:06.342342,2327.1,2332.34,2293.94,2314.69,15572,2315.27,2298.08,57.38,2314.02
2025-11-11 22:04:06.342342,2314.69,2329.01,2292.66,2295.15,70452,2295.84,2297.68,65.91,2298.2
2025-11-11 22:19:06.342342,2295.15,2333.31,2312.44,2317.91,14226,2313.68,2296.65,63.86,2316.96
2025-11-11 22:34:06.342342,2317.91,2343.77,2291.7,2330.74,90571,2341.2,2334.28,48.81,2332.78
2025-11-11 22:49:06.342342,2330.74,2338.32,2308.26,2330.78,95275,2320.23,2325.51,39.58,2328.39
2025-11-11 23:04:06.342342,2330.78,2416.59,2375.23,2409.66,22751,2420.96,2411.68,65.75,2405.95
2025-11-11 23:19:06.342342,2409.66,2468.55,2400.02,2432.42,28984,2428.08,2437.95,57.76,2429.43
2025-11-11 23:34:06.342342,2432.42,2374.96,2302.73,2345.78,69419,2353.95,2358.36,35.28,2349.63
2025-11-11 23:49:06.342342,2345.78,2323.48,2315.0,2318.22,47790,2315.12,2318.53,63.52,2315.62
2025-11-12 00:04:06.342342,2318.22,2436.17,2388.55,2392.09,35993,2393.26,2375.82,30.5,2388.46
2025-11-12 00:19:06.342342,2392.09,2503.83,2411.54,2458.58,88900,2460.31,2448.77,58.67,2461.99
2025-11-12 00:34:06.342342,2458.58,2483.79,2429.65,2451.2,10138,2463.22,2456.54,69.6,2448.5
2025-11-12 00:49:06.342342,2451.2,2551.26,2481.58,2510.98,66979,2519.24,2517.63,50.94,2510.62
2025-11-12 01:04:06.342342,2510.98,2547.4,2483.81,2528.1,58038,2533.77,2547.87,62.23,2526.58
2025-11-12 01:19:06.342342,2528.1,2565.31,2502.91,2533.34,43484,2525.05,2552.85,61.97,2537.99
2025-11-12 01:34:06.342342,2533.34,2494.29,2458.88,2468.85,16370,2471.34,2476.28,46.8,2469.35
2025-11-12 01:49:06.342342,2468.85,2500.88,2462.41,2469.88,66115,2481.29,2466.99,31.06,2469.07
2025-11-12 02:04:06.342342,2469.88,2565.71,2512.08,2521.32,49864,2533.8,2532.26,49.53,2524.37
2025-11-12 02:19:06.342342,2521.32,2522.79,2473.0,2477.75,50592,2487.95,2489.82,57.34,2480.83
2025-11-12 02:34:06.342342,2477.75,2527.69,2452.64,2492.03,96682,2485.72,2514.04,40.87,2491.85
2025-11-12 02:49:06.342342,2492.03,2584.69,2500.6,2544.57,16537,2536.97,2522.11,42.99,2547.32
2025-11-12 03:04:06.342342,2544.57,2666.04,2625.21,2655.72,45769,2659.73,2650.61,50.34,2659.82
2025-11-12 03:19:06.342342,2655.72,2654.81,2626.94,2630.38,10569,2627.36,2626.33,68.32,2632.37
2025-11-12 03:34:06.342342,2630.38,2699.24,2655.8,2659.65,73224,2667.94,2647.86,32.44,2654.78
2025-11-12 03:49:06.342342,2659.65,2647.21,2609.89,2634.06,36274,2637.83,2656.94,40.35,2637.06
2025-11-12 04:04:06.342342,2634.06,2711.21,2640.19,2670.6,78958,2674.39,2660.55,37.97,2671.52
2025-11-12 04:19:06.342342,2670.6,2761.5,2706.5,2736.45,96528,2731.81,2721.41,64.66,2735.88
2025-11-12 04:34:06.342342,2736.45,2813.19,2722.77,2760.0,44447,2750.34,2767.02,63.19,2762.26
2025-11-12 04:49:06.342342,2760.0,2744.5,2689.77,2721.35,13953,2733.64,2707.87,65.31,2716.84
2025-11-12 05:04:06.342342,2721.35,2762.22,2680.71,2718.22,73467,2706.91,2724.43,66.32,2722.01
2025-11-12 05:19:06.342342,2718.22,2749.91,2707.49,2738.52,56975,2751.77,2714.57,36.07,2740.53
2025-11-12 05:34:06.342342,2738.52,2800.34,2729.45,2760.0,39209,2749.16,2733.28,68.33,2765.28
2025-11-12 05:49:06.342342,2760.0,2752.55,2690.77,2742.11,10998,2746.77,2715.83,55.13,2737.47
2025-11-12 06:04:06.342342,2742.11,2742.67,2690.36,2716.84,32295,2715.35,2709.96,69.34,2716.69
2025-11-12 06:19:06.342342,2716.84,2806.24,2705.62,2760.0,45951,2751.84,2785.34,58.1,2755.31
2025-11-12 06:34:06.342342,2760.0,2763.02,2734.03,2748.07,94369,2744.23,2762.32,57.58,2746.04
2025-11-12 06:49:06.342342,2748.07,2800.77,2734.59,2760.0,62765,2750.08,2787.2,50.42,2764.65
2025-11-12 07:04:06.342342,2760.0,2808.05,2727.86,2760.0,28585,2766.93,2778.27,54.65,2758.28
2025-11-12 07:19:06.342342,2760.0,2737.3,2650.86,2701.05,12354,2689.33,2726.25,43.48,2699.72
2025-11-12 07:34:06.342342,2701.05,2721.06,2680.29,2697.0,30309,2685.03,2712.06,66.32,2700.55
2025-11-12 07:49:06.342342,2697.0,2715.25,2661.42,2682.1,59511,2671.57,2663.68,47.42,2679.35
2025-11-12 08:04:06.342342,2682.1,2630.03,2588.73,2620.5,28751,2621.38,2646.04,50.42,2624.21
2025-11-12 08:19:06.342342,2620.5,2604.39,2520.32,2563.46,16943,2553.34,2565.65,39.28,2566.21
2025-11-12 08:34:06.342342,2563.46,2599.92,2500.17,2550.14,91143,2561.2,2568.74,44.26,2550.34
2025-11-12 08:49:06.342342,2550.14,2618.61,2580.02,2595.96,70848,2596.53,2575.64,66.7,2592.29
2025-11-12 09:04:06.342342,2595.96,2667.43,2607.54,2622.86,38830,2614.74,2640.57,48.59,2624.22
2025-11-12 09:19:06.342342,2622.86,2738.53,2651.7,2692.56,86846,2695.3,2719.38,34.1,2690.37
2025-11-12 09:34:06.342342,2692.56,2679.78,2637.75,2669.65,29563,2665.56,2682.99,52.77,2673.66
2025-11-12 09:49:06.342342,2669.65,2721.15,2692.26,2706.88,26107,2698.4,2680.84,45.65,2702.59
2025-11-12 10:04:06.342342,2706.88,2748.49,2694.48,2732.25,82343,2725.51,2749.71,35.05,2736.24
2025-11-12 10:19:06.342342,2732.25,2671.99,2620.57,2642.86,68481,2634.24,2646.87,65.08,2638.6
2025-11-12 10:34:06.342342,2642.86,2778.72,2721.77,2734.51,46623,2739.53,2708.0,43.62,2739.69
2025-11-12 10:49:06.342342,2734.51,2619.95,2587.34,2606.07,90210,2602.24,2628.93,35.42,2609.26
2025-11-12 11:04:06.342342,2606.07,2610.55,2547.49,2568.59,57470,2569.19,2586.33,52.54,2571.31
2025-11-12 11:19:06.342342,2568.59,2702.37,2679.96,2685.52,81511,2679.9,2667.58,55.46,2690.89
2025-11-12 11:34:06.342342,2685.52,2718.22,2654.81,2688.51,11210,2700.63,2670.46,62.54,2688.19
2025-11-12 11:49:06.342342,2688.51,2789.29,2708.86,2756.72,89770,2751.99,2751.95,35.8,2753.93
2025-11-12 12:04:06.342342,2756.72,2743.15,2652.13,2690.69,66204,2677.71,2696.56,49.9,2687.08
2025-11-12 12:19:06.342342,2690.69,2652.66,2580.76,2607.46,80350,2606.41,2590.63,67.78,2603.67
2025-11-12 12:34:06.342342,2607.46,2605.75,2544.71,2596.46,84920,2590.75,2578.58,49.26,2601.27
2025-11-12 12:49:06.342342,2596.46,2631.08,2588.86,2600.68,13713,2608.0,2582.32,39.25,2602.52
2025-11-12 13:04:06.342342,2600.68,2641.47,2606.15,2616.27,24274,2617.96,2600.59,44.9,2615.61
2025-11-12 13:19:06.342342,2616.27,2621.77,2534.3,2583.76,34569,2596.13,2575.43,57.91,2578.93
2025-11-12 13:34:06.342342,2583.76,2606.99,2546.79,2556.75,13174,2568.46,2575.3,36.01,2552.55
2025-11-12 13:49:06.342342,2556.75,2611.22,2531.09,2572.09,70664,2580.41,2563.8,51.03,2571.64
2025-11-12 14:04:06.342342,2572.09,2550.61,2520.55,2533.17,64641,2521.5,2535.0,46.98,2535.81
2025-11-12 14:19:06.342342,2533.17,2534.57,2475.29,2486.91,13317,2498.33,2466.67,54.53,2490.04
2025-11-12 14:34:06.342342,2486.91,2512.93,2438.8,2466.09,83792,2470.95,2455.03,42.05,2461.5
2025-11-12 14:49:06.342342,2466.09,2564.16,2501.55,2514.46,66416,2504.25,2489.56,42.98,2518.25
2025-11-12 15:04:06.342342,2514.46,2517.79,2438.67,2480.37,55756,2469.94,2494.38,44.28,2484.17
2025-11-12 15:19:06.342342,2480.37,2493.41,2464.84,2482.1,11893,2482.5,2502.23,61.28,2485.9
2025-11-12 15:34:06.342342,2482.1,2447.45,2397.53,2425.51,69905,2416.05,2405.44,52.03,2428.39
2025-11-12 15:49:06.342342,2425.51,2345.86,2310.43,2332.79,80070,2339.65,2318.82,65.83,2333.16
2025-11-12 16:04:06.342342,2332.79,2288.3,2259.86,2279.21,81480,2284.39,2277.78,32.6,2280.63
2025-11-12 16:19:06.342342,2279.21,2235.07,2224.46,2226.82,19911,2220.96,2234.44,60.15,2224.84
2025-11-12 16:34:06.342342,2226.82,2233.85,2191.3,2217.4,20112,2224.89,2219.92,58.88,2217.68
2025-11-12 16:49:06.342342,2217.4,2297.09,2240.16,2253.63,21215,2251.58,2239.16,39.1,2253.28
2025-11-12 17:04:06.342342,2253.63,2270.66,2205.45,2247.25,11174,2253.16,2240.64,33.43,2246.23
2025-11-12 17:19:06.342342,2247.25,2291.87,2229.0,2249.6,59901,2242.7,2238.12,39.25,2253.64
2025-11-12 17:34:06.342342,2249.6,2241.38,2218.8,2226.69,73464,2219.18,2219.25,68.22,2223.0
2025-11-12 17:49:06.342342,2226.69,2174.56,2147.83,2161.31,41738,2161.43,2146.08,63.71,2157.57
2025-11-12 18:04:06.342342,2161.31,2165.82,2093.7,2130.9,12764,2132.94,2148.06,63.33,2134.72
2025-11-12 18:19:06.342342,2130.9,2202.62,2149.91,2173.01,44732,2178.25,2174.73,38.25,2170.53
2025-11-12 18:34:06.342342,2173.01,2246.17,2185.15,2204.73,47155,2205.09,2209.13,39.24,2204.29
2025-11-12 18:49:06.342342,2204.73,2278.9,2232.98,2244.13,59177,2241.07,2249.98,45.14,2240.04
2025-11-12 19:04:06.342342,2244.13,2219.07,2153.49,2189.38,81005,2179.67,2183.59,68.51,2187.21
2025-11-12 19:19:06.342342,2189.38,2127.07,2106.27,2109.61,27772,2109.36,2126.09,49.75,2108.56
2025-11-12 19:34:06.342342,2109.61,2120.25,2084.53,2112.85,13999,2117.23,2127.89,36.62,2108.97
2025-11-12 19:49:06.342342,2112.85,2051.03,2030.56,2040.0,94119,2035.04,2024.66,35.89,2037.38
2025-11-12 20:04:06.342342,2040.0,2079.02,2035.58,2075.1,78465,2069.49,2078.72,61.94,2074.94
2025-11-12 20:19:06.342342,2075.1,2067.69,2029.32,2042.86,65714,2039.4,2023.11,35.28,2046.92
2025-11-12 20:34:06.342342,2042.86,2049.04,2011.91,2041.47,41897,2044.95,2034.42,69.13,2041.26
2025-11-12 20:49:06.342342,2041.47,2080.65,2053.74,2069.59,90480,2075.1,2054.31,53.87,2073.01
2025-11-12 21:04:06.342342,2069.59,2080.26,2010.25,2042.82,16867,2049.8,2046.02,31.13,2043.65
2025-11-12 21:19:06.342342,2042.82,2078.86,2016.28,2040.0,42502,2040.4,2034.57,68.35,2042.58
2025-11-12 21:34:06.342342,2040.0,2122.7,2075.06,2081.44,82164,2086.06,2060.76,48.46,2079.56
2025-11-12 21:49:06.342342,2081.44,2131.33,2080.35,2098.66,78824,2094.91,2105.02,49.6,2099.76
2025-11-12 22:04:06.342342,2098.66,2111.91,2088.73,2098.04,97765,2101.79,2107.36,32.06,2099.86
2025-11-12 22:19:06.342342,2098.04,2071.66,2010.04,2040.0,19080,2037.75,2028.21,48.91,2036.63
2025-11-12 22:34:06.342342,2040.0,2133.72,2072.93,2092.77,73678,2084.09,2086.37,66.19,2089.98
2025-11-12 22:49:06.342342,2092.77,2136.92,2081.71,2105.05,73130,2095.36,2119.5,69.04,2106.74
2025-11-12 23:04:06.342342,2105.05,2116.55,2063.18,2091.35,48495,2085.88,2088.11,37.24,2089.5
2025-11-12 23:19:06.342342,2091.35,2074.28,2027.18,2047.93,41669,2057.0,2042.79,36.1,2050.62
2025-11-12 23:34:06.342342,2047.93,2131.21,2089.54,2093.65,25810,2085.65,2080.06,41.72,2090.95
2025-11-12 23:49:06.342342,2093.65,2109.88,2074.57,2102.28,30163,2105.06,2098.28,60.95,2101.54
2025-11-13 00:04:06.342342,2102.28,2095.82,2062.07,2074.82,84866,2068.63,2054.52,51.93,2074.76
2025-11-13 00:19:06.342342,2074.82,2096.38,2048.89,2077.73,69406,2074.9,2074.38,48.14,2076.05
2025-11-13 00:34:06.342342,2077.73,2061.51,2031.04,2040.0,23272,2043.11,2024.81,42.64,2036.91
2025-11-13 00:49:06.342342,2040.0,2101.35,2053.49,2082.04,53054,2074.46,2101.07,43.79,2081.92
2025-11-13 01:04:06.342342,2082.04,2042.91,2015.95,2040.0,52412,2044.63,2034.87,38.49,2038.31
2025-11-13 01:19:06.342342,2040.0,2065.53,2008.17,2040.0,13139,2042.81,2042.32,44.86,2042.62
2025-11-13 01:34:06.342342,2040.0,2098.27,2036.88,2069.02,86289,2067.4,2051.3,58.02,2068.66
2025-11-13 01:49:06.342342,2069.02,2080.89,2053.63,2071.23,15620,2081.08,2070.41,49.97,2073.27
2025-11-13 02:04:06.342342,2071.23,2056.94,2027.76,2048.36,79126,2056.06,2059.77,60.15,2047.46
2025-11-13 02:19:06.342342,2048.36,2128.73,2055.19,2088.24,83467,2078.33,2079.14,36.84,2092.03
2025-11-13 02:34:06.342342,2088.24,2080.16,2046.58,2064.84,86900,2067.83,2051.89,57.64,2068.8
2025-11-13 02:49:06.342342,2064.84,2099.8,2054.43,2059.19,79368,2054.76,2072.33,42.05,2060.89
2025-11-13 03:04:06.342342,2059.19,2097.98,2058.73,2085.04,99174,2081.79,2073.29,66.69,2085.77
2025-11-13 03:19:06.342342,2085.04,2162.14,2098.71,2130.8,93002,2131.0,2110.96,41.59,2128.43
2025-11-13 03:34:06.342342,2130.8,2119.81,2109.46,2114.52,42298,2107.94,2125.82,61.32,2114.35
2025-11-13 03:49:06.342342,2114.52,2113.24,2080.4,2091.76,70459,2093.87,2101.82,40.3,2094.63
2025-11-13 04:04:06.342342,2091.76,2166.1,2086.99,2128.54,88736,2129.09,2135.23,67.5,2129.23
2025-11-13 04:19:06.342342,2128.54,2184.83,2113.91,2147.82,24249,2143.44,2168.81,55.07,2146.11
2025-11-13 04:34:06.342342,2147.82,2185.71,2134.58,2168.14,76360,2162.69,2169.09,41.51,2171.6
2025-11-13 04:49:06.342342,2168.14,2181.68,2149.24,2157.56,77308,2163.18,2178.37,31.11,2158.65
2025-11-13 05:04:06.342342,2157.56,2128.85,2093.5,2124.98,27163,2130.68,2142.67,43.72,2127.02
2025-11-13 05:19:06.342342,2124.98,2148.76,2116.17,2131.84,97918,2128.32,2119.65,37.28,2134.18
2025-11-13 05:34:06.342342,2131.84,2206.52,2143.7,2182.4,19415,2180.38,2181.83,47.79,2183.12
2025-11-13 05:49:06.342342,2182.4,2306.12,2236.94,2264.66,97747,2263.21,2285.2,69.38,2263.99
2025-11-13 06:04:06.342342,2264.66,2218.14,2156.66,2178.73,95755,2169.86,2174.44,57.1,2181.09
2025-11-13 06:19:06.342342,2178.73,2187.23,2171.62,2175.89,11717,2173.93,2180.58,66.64,2179.27
2025-11-13 06:34:06.342342,2175.89,2150.57,2108.45,2142.02,96191,2133.62,2131.63,66.53,2138.67
2025-11-13 06:49:06.342342,2142.02,2058.0,2023.29,2040.0,26880,2045.43,2027.17,66.15,2040.86
2025-11-13 07:04:06.342342,2040.0,2130.58,2088.3,2097.12,27411,2102.02,2117.07,44.05,2097.05
2025-11-13 07:19:06.342342,2097.12,2136.41,2114.74,2125.69,71725,2127.84,2112.57,51.57,2127.49
2025-11-13 07:34:06.342342,2125.69,2106.53,2062.05,2082.77,83529,2085.05,2092.11,68.0,2086.72
2025-11-13 07:49:06.342342,2082.77,2118.58,2052.12,2077.86,41756,2069.28,2081.78,34.95,2076.63
2025-11-13 08:04:06.342342,2077.86,2124.05,2108.53,2116.83,45134,2124.38,2114.08,57.3,2115.44
2025-11-13 08:19:06.342342,2116.83,2107.98,2068.82,2074.81,92410,2070.45,2071.94,68.69,2077.6
2025-11-13 08:34:06.342342,2074.81,2101.26,2050.11,2070.08,60889,2064.19,2067.66,35.37,2073.08
2025-11-13 08:49:06.342342,2070.08,2144.93,2108.35,2138.09,78655,2139.32,2158.77,38.0,2137.18
2025-11-13 09:04:06.342342,2138.09,2193.41,2153.01,2159.52,91273,2155.27,2152.38,40.14,2158.59
2025-11-13 09:19:06.342342,2159.52,2130.7,2118.25,2124.15,27126,2133.02,2111.6,69.4,2125.26
2025-11-13 09:34:06.342342,2124.15,2118.03,2070.71,2107.05,40768,2102.19,2094.36,47.6,2107.25
2025-11-13 09:49:06.342342,2107.05,2125.5,2076.79,2084.2,53064,2079.96,2087.01,54.29,2084.94
2025-11-13 10:04:06.342342,2084.2,2112.86,2080.82,2089.61,86252,2098.74,2108.38,61.13,2091.52
2025-11-13 10:19:06.342342,2089.61,2142.14,2097.45,2129.2,47868,2121.66,2114.15,40.36,2130.72
2025-11-13 10:34:06.342342,2129.2,2188.7,2135.46,2165.33,95322,2162.19,2183.24,48.24,2165.22
2025-11-13 10:49:06.342342,2165.33,2249.68,2196.46,2227.26,36899,2228.03,2241.72,53.33,2225.64
2025-11-13 11:04:06.342342,2227.26,2241.63,2200.35,2210.91,51591,2215.02,2219.77,58.72,2213.72
2025-11-13 11:19:06.342342,2210.91,2230.01,2170.64,2203.39,35556,2213.14,2220.82,35.76,2202.28
2025-11-13 11:34:06.342342,2203.39,2288.14,2225.38,2257.45,50854,2255.07,2244.69,34.36,2253.89
2025-11-13 11:49:06.342342,2257.45,2208.22,2171.21,2174.82,14687,2173.1,2177.12,64.44,2175.08
2025-11-13 12:04:06.342342,2174.82,2200.12,2184.14,2196.2,28340,2190.96,2181.41,61.04,2192.98
2025-11-13 12:19:06.342342,2196.2,2258.38,2217.16,2225.77,87250,2215.53,2218.46,69.02,2228.87
2025-11-13 12:34:06.342342,2225.77,2318.11,2275.37,2290.69,78576,2300.16,2281.45,57.29,2289.0
2025-11-13 12:49:06.342342,2290.69,2250.82,2242.7,2246.09,97247,2246.56,2244.66,38.09,2247.12
2025-11-13 13:04:06.342342,2246.09,2257.33,2212.05,2248.76,15563,2251.02,2236.69,52.17,2246.73
2025-11-13 13:19:06.342342,2248.76,2237.45,2209.05,2228.03,97358,2234.75,2217.4,60.94,2223.84
2025-11-13 13:34:06.342342,2228.03,2182.43,2138.17,2154.6,55129,2156.97,2162.63,48.59,2153.68
2025-11-13 13:49:06.342342,2154.6,2167.03,2128.46,2142.11,12329,2133.81,2141.59,46.67,2138.69
2025-11-13 14:04:06.342342,2142.11,2144.36,2123.81,2130.59,81171,2125.96,2140.22,46.45,2129.23
2025-11-13 14:19:06.342342,2130.59,2135.95,2076.83,2109.75,64867,2102.48,2103.99,62.28,2110.52
2025-11-13 14:34:06.342342,2109.75,2119.6,2071.6,2092.07,56228,2091.5,2101.59,34.81,2089.27
2025-11-13 14:49:06.342342,2092.07,2154.3,2100.5,2123.54,76144,2115.21,2129.95,45.23,2125.74
2025-11-13 15:04:06.342342,2123.54,2134.07,2057.08,2099.0,80986,2099.93,2083.75,35.45,2101.14
2025-11-13 15:19:06.342342,2099.0,2118.59,2055.98,2080.92,73605,2075.91,2078.35,58.98,2084.3
2025-11-13 15:34:06.342342,2080.92,2049.05,2030.47,2040.0,90107,2041.18,2042.12,55.81,2043.57
2025-11-13 15:49:06.342342,2040.0,2159.6,2115.43,2126.24,53518,2130.54,2123.76,33.31,2130.27
2025-11-13 16:04:06.342342,2126.24,2170.94,2158.23,2167.67,99442,2170.75,2160.22,42.8,2164.32
2025-11-13 16:19:06.342342,2167.67,2174.44,2129.57,2162.05,52436,2171.08,2183.14,57.1,2165.04
2025-11-13 16:34:06.342342,2162.05,2167.58,2148.82,2162.29,77729,2166.65,2169.35,33.27,2161.46
2025-11-13 16:49:06.342342,2162.29,2202.78,2154.66,2198.41,48728,2190.14,2202.91,49.17,2201.09
2025-11-13 17:04:06.342342,2198.41,2236.71,2174.62,2218.34,62351,2222.29,2200.73,67.62,2217.0
2025-11-13 17:19:06.342342,2218.34,2304.39,2243.61,2262.87,54164,2272.52,2265.28,39.11,2261.03
2025-11-13 17:34:06.342342,2262.87,2390.93,2352.85,2382.28,30182,2370.4,2383.58,59.98,2377.69
2025-11-13 17:49:06.342342,2382.28,2369.71,2318.2,2357.08,87508,2363.0,2343.27,41.77,2361.76
2025-11-13 18:04:06.342342,2357.08,2450.25,2422.05,2427.31,18139,2420.5,2409.89,57.89,2429.55
2025-11-13 18:19:06.342342,2427.31,2407.59,2366.44,2396.88,54745,2390.24,2408.38,45.0,2393.53
2025-11-13 18:34:06.342342,2396.88,2307.94,2262.0,2296.56,46558,2296.21,2298.38,32.75,2293.48
2025-11-13 18:49:06.342342,2296.56,2351.9,2304.11,2336.96,41058,2344.52,2348.59,48.8,2337.79
2025-11-13 19:04:06.342342,2336.96,2372.26,2325.05,2368.55,98425,2369.4,2378.07,34.22,2365.4
2025-11-13 19:19:06.342342,2368.55,2404.17,2374.52,2387.46,88031,2394.13,2390.98,59.47,2383.67
2025-11-13 19:34:06.342342,2387.46,2355.85,2305.13,2325.27,15872,2326.01,2345.1,42.43,2321.58
2025-11-13 19:49:06.342342,2325.27,2330.36,2284.69,2291.33,45860,2287.56,2297.29,41.94,2289.2
2025-11-13 20:04:06.342342,2291.33,2263.68,2210.89,2233.22,84923,2228.84,2226.8,35.45,2235.83
2025-11-13 20:19:06.342342,2233.22,2265.0,2224.69,2260.99,84219,2252.92,2254.3,47.38,2263.1
2025-11-13 20:34:06.342342,2260.99,2384.97,2331.96,2366.01,22911,2361.73,2378.68,41.84,2361.69
2025-11-13 20:49:06.342342,2366.01,2360.07,2294.34,2323.2,46543,2318.11,2335.04,38.36,2318.92
2025-11-13 21:04:06.342342,2323.2,2373.18,2307.64,2348.14,24775,2358.71,2370.06,48.69,2352.62
2025-11-13 21:19:06.342342,2348.14,2399.54,2381.4,2385.81,51766,2383.88,2389.43,64.83,2383.98
2025-11-13 21:34:06.342342,2385.81,2514.67,2491.14,2495.86,85395,2493.6,2520.63,42.32,2496.58
2025-11-13 21:49:06.342342,2495.86,2571.48,2511.27,2535.93,13382,2528.42,2532.47,33.06,2540.75
2025-11-13 22:04:06.342342,2535.93,2612.28,2574.56,2583.25,64381,2574.61,2569.34,46.89,2582.46
2025-11-13 22:19:06.342342,2583.25,2585.08,2510.46,2543.31,19045,2541.8,2529.47,34.86,2547.11
2025-11-13 22:34:06.342342,2543.31,2553.99,2495.46,2540.16,90205,2549.39,2544.66,35.91,2540.5
2025-11-13 22:49:06.342342,2540.16,2653.04,2567.33,2609.19,24171,2617.69,2633.27,37.89,2607.24
2025-11-13 23:04:06.342342,2609.19,2671.95,2578.4,2624.78,25511,2635.12,2640.32,40.29,2622.85
2025-11-13 23:19:06.342342,2624.78,2721.77,2674.77,2678.83,32624,2688.11,2665.2,65.01,2677.3
2025-11-13 23:34:06.342342,2678.83,2788.94,2741.36,2760.0,25742,2755.91,2780.89,58.14,2764.44
2025-11-13 23:49:06.342342,2760.0,2811.81,2718.36,2760.0,40677,2759.19,2776.95,44.95,2759.75
2025-11-14 00:04:06.342342,2760.0,2774.82,2701.52,2754.23,48426,2762.78,2777.19,45.49,2756.74
2025-11-14 00:19:06.342342,2754.23,2806.22,2728.01,2760.0,29983,2772.39,2764.79,49.66,2759.88
2025-11-14 00:34:06.342342,2760.0,2753.14,2652.4,2699.31,96706,2697.35,2697.21,51.31,2695.46
2025-11-14 00:49:06.342342,2699.31,2682.55,2654.61,2673.01,39234,2669.53,2695.38,68.05,2672.53
2025-11-14 01:04:06.342342,2673.01,2743.31,2705.94,2726.85,25682,2719.64,2740.31,54.6,2726.84
2025-11-14 01:19:06.342342,2726.85,2798.5,2701.88,2750.62,63540,2738.94,2769.3,49.44,2748.53
2025-11-14 01:34:06.342342,2750.62,2774.24,2711.04,2758.12,63958,2768.77,2762.49,34.63,2756.43
2025-11-14 01:49:06.342342,2758.12,2799.32,2743.99,2760.0,85484,2772.53,2773.64,66.87,2764.12
2025-11-14 02:04:06.342342,2760.0,2777.55,2713.97,2760.0,63232,2771.32,2774.82,57.53,2763.11
2025-11-14 02:19:06.342342,2760.0,2737.3,2672.05,2717.3,87420,2719.54,2724.04,47.46,2720.84
2025-11-14 02:34:06.342342,2717.3,2776.84,2708.52,2744.98,71463,2739.21,2748.54,62.62,2741.69
2025-11-14 02:49:06.342342,2744.98,2763.19,2742.69,2757.66,65734,2749.06,2750.18,46.8,2759.05
2025-11-14 03:04:06.342342,2757.66,2766.25,2720.57,2760.0,23058,2769.77,2773.54,38.97,2764.61
2025-11-14 03:19:06.342342,2760.0,2735.82,2687.95,2692.17,10576,2701.23,2697.95,49.89,2693.11
2025-11-14 03:34:06.342342,2692.17,2652.99,2588.28,2618.67,84830,2630.79,2633.34,36.93,2618.71
2025-11-14 03:49:06.342342,2618.67,2602.07,2545.08,2580.6,22690,2586.2,2584.84,58.37,2576.28
2025-11-14 04:04:06.342342,2580.6,2625.82,2545.38,2593.22,22509,2594.0,2609.69,68.58,2593.81
2025-11-14 04:19:06.342342,2593.22,2533.3,2489.43,2520.1,68764,2523.91,2524.62,32.45,2515.51
2025-11-14 04:34:06.342342,2520.1,2583.6,2508.69,2551.09,79594,2543.9,2560.1,54.35,2554.16
2025-11-14 04:49:06.342342,2551.09,2525.7,2492.05,2496.79,58946,2498.12,2500.73,51.87,2495.41
2025-11-14 05:04:06.342342,2496.79,2513.72,2484.27,2493.56,26467,2489.5,2505.88,69.54,2494.45
2025-11-14 05:19:06.342342,2493.56,2498.25,2436.69,2468.36,30793,2474.16,2448.42,53.42,2470.04
2025-11-14 05:34:06.342342,2468.36,2424.64,2372.15,2401.26,69864,2407.39,2400.94,33.77,2396.96
2025-11-14 05:49:06.342342,2401.26,2371.24,2349.02,2351.49,61599,2348.6,2357.52,31.93,2347.17
2025-11-14 06:04:06.342342,2351.49,2397.87,2362.33,2373.11,70466,2363.65,2381.93,64.71,2374.45
2025-11-14 06:19:06.342342,2373.11,2439.89,2369.66,2403.92,18266,2401.44,2423.09,41.91,2406.36
2025-11-14 06:34:06.342342,2403.92,2428.49,2369.85,2388.44,76523,2391.22,2404.92,69.83,2391.55
2025-11-14 06:49:06.342342,2388.44,2387.5,2350.42,2357.59,13436,2363.29,2344.36,66.08,2358.33
2025-11-14 07:04:06.342342,2357.59,2428.31,2364.46,2406.48,93201,2401.61,2410.94,45.08,2410.09
2025-11-14 07:19:06.342342,2406.48,2399.59,2347.04,2359.03,36687,2354.77,2375.1,32.25,2354.79
2025-11-14 07:34:06.342342,2359.03,2373.35,2282.87,2329.1,24720,2340.72,2319.7,52.66,2328.95
2025-11-14 07:49:06.342342,2329.1,2439.43,2379.89,2412.45,43785,2411.05,2399.83,45.88,2413.32
2025-11-14 08:04:06.342342,2412.45,2388.71,2339.03,2370.43,36378,2380.88,2378.35,34.3,2371.65
2025-11-14 08:19:06.342342,2370.43,2444.77,2384.35,2423.03,77212,2413.45,2445.0,67.99,2425.31
2025-11-14 08:34:06.342342,2423.03,2433.74,2367.57,2397.04,48074,2387.52,2389.03,49.63,2401.22
2025-11-14 08:49:06.342342,2397.04,2475.49,2433.99,2453.41,79205,2464.41,2436.5,34.1,2450.81
2025-11-14 09:04:06.342342,2453.41,2461.24,2408.87,2431.24,16819,2442.41,2430.76,55.65,2431.57
2025-11-14 09:19:06.342342,2431.24,2513.96,2446.99,2493.83,47133,2502.58,2490.45,48.0,2493.93
2025-11-14 09:34:06.342342,2493.83,2574.27,2513.38,2559.68,68620,2550.44,2575.5,31.36,2559.41
2025-11-14 09:49:06.342342,2559.68,2576.19,2524.69,2563.48,92449,2559.76,2585.51,67.61,2561.98
2025-11-14 10:04:06.342342,2563.48,2691.48,2640.06,2683.5,63536,2690.1,2668.22,69.99,2683.75
2025-11-14 10:19:06.342342,2683.5,2747.42,2718.36,2736.4,81110,2747.25,2709.24,30.01,2739.67
2025-11-14 10:34:06.342342,2736.4,2646.94,2584.7,2633.61,52722,2626.6,2656.88,38.74,2638.14
2025-11-14 10:49:06.342342,2633.61,2668.68,2654.43,2665.66,91256,2672.06,2659.51,39.04,2667.45
2025-11-14 11:04:06.342342,2665.66,2763.16,2710.23,2760.0,34668,2772.56,2733.53,52.54,2760.83
2025-11-14 11:19:06.342342,2760.0,2779.05,2753.8,2760.0,57365,2754.84,2751.93,67.88,2757.69
2025-11-14 11:34:06.342342,2760.0,2709.73,2667.84,2706.86,11731,2698.62,2709.67,41.47,2704.97
2025-11-14 11:49:06.342342,2706.86,2663.88,2632.64,2655.44,71263,2654.8,2661.64,37.43,2652.74
2025-11-14 12:04:06.342342,2655.44,2696.41,2629.62,2682.42,75080,2674.37,2661.52,40.9,2682.61
2025-11-14 12:19:06.342342,2682.42,2714.83,2647.44,2684.27,19279,2690.39,2669.24,33.78,2688.88
2025-11-14 12:34:06.342342,2684.27,2696.43,2641.47,2691.18,87611,2702.39,2673.37,69.3,2691.85
2025-11-14 12:49:06.342342,2691.18,2693.43,2623.24,2651.91,13391,2642.4,2662.83,66.04,2653.85
2025-11-14 13:04:06.342342,2651.91,2692.2,2618.37,2648.69,79917,2661.32,2658.53,50.52,2646.38
2025-11-14 13:19:06.342342,2648.69,2701.4,2658.95,2672.61,95769,2679.91,2667.65,68.31,2668.47
2025-11-14 13:34:06.342342,2672.61,2686.63,2624.95,2669.22,51868,2673.66,2653.87,40.57,2674.03
2025-11-14 13:49:06.342342,2669.22,2745.05,2663.27,2695.7,68577,2684.48,2711.04,36.29,2699.97
2025-11-14 14:04:06.342342,2695.7,2706.91,2674.46,2677.97,47683,2686.16,2671.15,50.2,2675.47
2025-11-14 14:19:06.342342,2677.97,2694.32,2648.92,2654.61,73253,2651.45,2634.86,38.82,2654.7
2025-11-14 14:34:06.342342,2654.61,2732.02,2627.9,2678.61,62741,2688.83,2661.87,40.33,2679.03
2025-11-14 14:49:06.342342,2678.61,2813.53,2749.07,2760.0,38340,2747.19,2737.79,40.64,2761.39
2025-11-14 15:04:06.342342,2760.0,2795.69,2757.03,2760.0,19087,2771.74,2775.71,34.43,2757.83
2025-11-14 15:19:06.342342,2760.0,2730.04,2665.57,2700.01,25765,2700.46,2685.5,59.12,2702.22
2025-11-14 15:34:06.342342,2700.01,2734.43,2676.72,2713.11,24736,2700.43,2713.02,47.37,2707.86
2025-11-14 15:49:06.342342,2713.11,2686.94,2671.27,2683.71,24868,2684.39,2674.52,60.96,2683.42
2025-11-14 16:04:06.342342,2683.71,2749.56,2661.47,2707.33,45317,2706.81,2701.0,50.23,2704.43
2025-11-14 16:19:06.342342,2707.33,2731.08,2690.23,2710.17,18557,2718.36,2705.49,36.42,2708.51
2025-11-14 16:34:06.342342,2710.17,2752.86,2669.98,2723.88,91637,2712.52,2734.3,65.6,2725.83
2025-11-14 16:49:06.342342,2723.88,2719.93,2662.02,2688.51,30310,2695.88,2671.67,65.11,2691.6
2025-11-14 17:04:06.342342,2688.51,2724.18,2664.43,2696.7,32718,2701.19,2679.56,67.39,2692.58
2025-11-14 17:19:06.342342,2696.7,2589.86,2569.48,2586.33,90556,2596.11,2571.71,40.0,2590.14
2025-11-14 17:34:06.342342,2586.33,2618.39,2566.28,2599.57,78627,2596.03,2620.64,34.86,2597.63
2025-11-14 17:49:06.342342,2599.57,2607.09,2568.79,2586.8,14391,2595.93,2601.18,45.26,2581.79
2025-11-14 18:04:06.342342,2586.8,2615.19,2570.43,2587.08,65353,2587.77,2561.82,48.47,2585.48
2025-11-14 18:19:06.342342,2587.08,2655.31,2617.74,2636.13,96978,2642.64,2654.15,51.26,2633.14
2025-11-14 18:34:06.342342,2636.13,2687.36,2594.67,2640.86,60226,2643.9,2617.07,65.5,2644.55
2025-11-14 18:49:06.342342,2640.86,2648.18,2592.71,2609.66,73362,2610.61,2587.23,47.08,2605.23
2025-11-14 19:04:06.342342,2609.66,2706.11,2654.85,2679.84,50207,2673.5,2683.66,55.17,2683.67
2025-11-14 19:19:06.342342,2679.84,2647.19,2576.63,2596.69,12909,2593.36,2575.73,38.7,2601.65
2025-11-14 19:34:06.342342,2596.69,2646.23,2619.44,2626.77,90298,2633.76,2636.07,55.65,2622.49
2025-11-14 19:49:06.342342,2626.77,2557.68,2522.81,2551.25,96338,2560.41,2564.48,41.58,2546.6
2025-11-14 20:04:06.342342,2551.25,2613.81,2532.36,2569.53,88151,2573.94,2593.95,45.43,2568.8
2025-11-14 20:19:06.342342,2569.53,2587.22,2533.77,2553.55,56022,2558.62,2566.31,37.46,2548.86
2025-11-14 20:34:06.342342,2553.55,2571.56,2513.36,2522.64,24914,2532.31,2502.58,44.79,2526.53
2025-11-14 20:49:06.342342,2522.64,2537.1,2505.3,2532.36,46077,2530.63,2520.39,38.13,2536.79
2025-11-14 21:04:06.342342,2532.36,2579.94,2517.87,2542.34,79662,2553.85,2548.64,52.27,2540.67
2025-11-14 21:19:06.342342,2542.34,2569.72,2517.34,2542.11,84213,2552.17,2547.01,63.2,2544.23
2025-11-14 21:34:06.342342,2542.11,2623.34,2574.32,2592.86,65497,2589.46,2614.17,46.97,2596.32
2025-11-14 21:49:06.342342,2592.86,2673.79,2641.12,2648.62,63912,2650.37,2635.59,56.94,2647.4
2025-11-14 22:04:06.342342,2648.62,2678.31,2618.54,2643.25,37104,2655.32,2664.73,58.33,2647.73
2025-11-14 22:19:06.342342,2643.25,2721.7,2667.69,2686.35,86359,2676.97,2674.55,40.58,2687.36
2025-11-14 22:34:06.342342,2686.35,2677.65,2628.66,2633.75,35749,2626.46,2644.52,52.71,2636.78
2025-11-14 22:49:06.342342,2633.75,2678.77,2593.57,2646.0,15147,2646.74,2622.67,40.7,2641.81
2025-11-14 23:04:06.342342,2646.0,2669.88,2580.04,2628.73,40145,2618.94,2617.07,64.12,2628.74
2025-11-14 23:19:06.342342,2628.73,2542.15,2479.22,2502.16,23652,2509.09,2497.25,56.67,2504.89
2025-11-14 23:34:06.342342,2502.16,2551.61,2491.62,2510.9,87454,2518.28,2523.84,37.28,2507.53
2025-11-14 23:49:06.342342,2510.9,2551.11,2493.86,2510.82,27070,2521.41,2508.9,34.15,2509.49
2025-11-15 00:04:06.342342,2510.82,2487.3,2435.56,2473.41,56936,2477.31,2456.63,53.06,2471.17
2025-11-15 00:19:06.342342,2473.41,2532.84,2492.73,2498.76,19033,2503.18,2476.7,40.45,2500.06
2025-11-15 00:34:06.342342,2498.76,2445.73,2432.0,2439.25,14432,2436.82,2462.7,62.85,2435.83
2025-11-15 00:49:06.342342,2439.25,2533.97,2491.08,2517.02,11970,2513.27,2526.78,34.95,2518.54
2025-11-15 01:04:06.342342,2517.02,2609.79,2534.8,2575.35,42730,2587.22,2566.9,38.82,2570.43
2025-11-15 01:19:06.342342,2575.35,2590.88,2533.46,2581.56,24087,2575.36,2605.76,50.41,2585.2
2025-11-15 01:34:06.342342,2581.56,2561.69,2529.7,2558.07,41333,2553.43,2534.94,51.44,2560.15
2025-11-15 01:49:06.342342,2558.07,2588.39,2553.64,2564.08,96290,2553.15,2550.14,44.01,2565.5
2025-11-15 02:04:06.342342,2564.08,2651.28,2593.64,2611.25,54295,2608.54,2603.42,36.31,2610.9
2025-11-15 02:19:06.342342,2611.25,2666.97,2607.39,2635.47,85789,2627.47,2619.76,52.27,2639.77
2025-11-15 02:34:06.342342,2635.47,2594.98,2560.35,2572.12,66620,2568.58,2562.88,36.4,2569.29
2025-11-15 02:49:06.342342,2572.12,2573.27,2546.56,2569.04,92345,2573.0,2593.79,49.75,2572.31
2025-11-15 03:04:06.342342,2569.04,2564.65,2499.25,2538.32,47000,2550.0,2543.44,65.95,2533.34
2025-11-15 03:19:06.342342,2538.32,2551.96,2486.59,2509.57,42220,2505.62,2495.7,36.81,2511.35
2025-11-15 03:34:06.342342,2509.57,2502.44,2412.27,2458.37,57043,2463.83,2470.0,43.11,2454.99
2025-11-15 03:49:06.342342,2458.37,2467.82,2408.83,2427.66,67585,2422.92,2418.71,42.4,2424.61
2025-11-15 04:04:06.342342,2427.66,2454.67,2429.82,2435.58,50550,2438.23,2427.64,50.84,2435.57
2025-11-15 04:19:06.342342,2435.58,2543.8,2482.04,2520.84,80040,2528.5,2528.36,63.33,2519.98
2025-11-15 04:34:06.342342,2520.84,2626.98,2615.72,2621.57,86404,2612.56,2646.68,52.16,2620.7
2025-11-15 04:49:06.342342,2621.57,2735.91,2679.56,2699.34,91447,2695.26,2681.36,66.48,2702.06
2025-11-15 05:04:06.342342,2699.34,2766.18,2704.96,2753.88,35914,2759.42,2733.79,40.52,2753.26
2025-11-15 05:19:06.342342,2753.88,2726.86,2634.07,2677.6,44075,2680.53,2684.52,45.2,2680.64
2025-11-15 05:34:06.342342,2677.6,2737.26,2685.64,2690.98,93649,2694.51,2698.07,36.98,2686.29
2025-11-15 05:49:06.342342,2690.98,2695.91,2647.85,2662.24,47551,2664.23,2641.47,61.95,2660.66
2025-11-15 06:04:06.342342,2662.24,2553.33,2518.78,2540.29,22422,2537.88,2532.82,31.11,2537.71
2025-11-15 06:19:06.342342,2540.29,2589.89,2534.78,2574.25,63778,2573.33,2561.53,30.76,2569.72
2025-11-15 06:34:06.342342,2574.25,2587.43,2533.42,2565.06,89562,2554.29,2568.64,69.99,2561.36
2025-11-15 06:49:06.342342,2565.06,2679.6,2601.81,2640.6,77967,2649.71,2654.99,57.12,2638.76
2025-11-15 07:04:06.342342,2640.6,2698.59,2630.3,2654.24,59020,2655.8,2650.02,63.16,2650.14
2025-11-15 07:19:06.342342,2654.24,2649.44,2638.35,2641.74,57029,2636.51,2647.75,43.58,2636.5
2025-11-15 07:34:06.342342,2641.74,2709.13,2628.65,2664.2,32598,2669.12,2681.31,39.95,2660.71
2025-11-15 07:49:06.342342,2664.2,2757.37,2732.56,2741.38,19275,2744.51,2766.3,57.48,2743.53
2025-11-15 08:04:06.342342,2741.38,2763.31,2742.41,2760.0,80214,2761.23,2761.8,52.83,2759.65
2025-11-15 08:19:06.342342,2760.0,2765.15,2751.44,2760.0,86214,2749.28,2737.67,33.51,2760.69
2025-11-15 08:34:06.342342,2760.0,2747.7,2716.14,2740.05,89183,2748.03,2752.15,46.64,2735.01
2025-11-15 08:49:06.342342,2740.05,2726.33,2694.54,2706.64,16708,2713.69,2725.69,64.72,2702.52
2025-11-15 09:04:06.342342,2706.64,2779.95,2753.12,2760.0,67771,2754.84,2781.06,42.88,2760.98
2025-11-15 09:19:06.342342,2760.0,2778.94,2706.22,2760.0,65439,2749.6,2783.52,58.71,2762.27
2025-11-15 09:34:06.342342,2760.0,2798.13,2734.72,2760.0,41938,2760.05,2738.2,42.66,2757.85
2025-11-15 09:49:06.342342,2760.0,2731.09,2695.38,2714.39,93878,2704.17,2707.76,31.37,2718.94
2025-11-15 10:04:06.342342,2714.39,2683.86,2624.6,2674.65,37358,2669.56,2648.11,67.37,2673.58
2025-11-15 10:19:06.342342,2674.65,2671.13,2610.72,2622.11,18502,2613.87,2601.04,63.39,2623.58
2025-11-15 10:34:06.342342,2622.11,2663.51,2635.55,2645.29,40477,2650.44,2635.31,60.75,2648.78
2025-11-15 10:49:06.342342,2645.29,2657.61,2595.57,2633.07,59906,2638.08,2630.63,65.82,2630.44
2025-11-15 11:04:06.342342,2633.07,2733.8,2682.64,2690.82,46393,2679.5,2684.03,49.93,2688.57
2025-11-15 11:19:06.342342,2690.82,2778.8,2714.75,2760.0,62147,2751.06,2750.49,30.84,2761.35
2025-11-15 11:34:06.342342,2760.0,2803.09,2706.17,2760.0,29919,2760.22,2782.96,57.0,2761.38
2025-11-15 11:49:06.342342,2760.0,2790.44,2708.36,2739.36,12846,2737.19,2756.51,34.95,2739.94
2025-11-15 12:04:06.342342,2739.36,2808.56,2713.86,2760.0,75309,2770.02,2784.83,42.96,2763.96
2025-11-15 12:19:06.342342,2760.0,2784.07,2742.95,2760.0,83558,2768.91,2777.66,69.67,2759.89
2025-11-15 12:34:06.342342,2760.0,2789.69,2691.19,2744.89,77473,2746.52,2723.14,66.57,2750.07
2025-11-15 12:49:06.342342,2744.89,2767.08,2755.08,2760.0,20054,2747.89,2733.87,34.48,2762.02
2025-11-15 13:04:06.342342,2760.0,2726.67,2659.33,2699.85,48945,2701.03,2720.38,57.54,2700.57
2025-11-15 13:19:06.342342,2699.85,2730.17,2680.47,2726.9,96458,2715.29,2749.54,64.43,2724.45
2025-11-15 13:34:06.342342,2726.9,2717.39,2685.74,2702.22,58639,2710.53,2723.45,54.25,2703.35
2025-11-15 13:49:06.342342,2702.22,2662.5,2607.13,2633.26,74424,2633.7,2651.2,51.33,2634.45
2025-11-15 14:04:06.342342,2633.26,2691.92,2654.06,2669.05,65355,2680.38,2652.5,64.28,2674.21
2025-11-15 14:19:06.342342,2669.05,2640.06,2611.99,2628.22,35364,2631.66,2605.86,45.96,2623.7
2025-11-15 14:34:06.342342,2628.22,2678.15,2638.51,2648.82,74203,2636.41,2660.83,68.08,2652.41
2025-11-15 14:49:06.342342,2648.82,2617.38,2579.94,2597.63,62670,2595.67,2621.64,44.02,2597.17
